{"stat.pickup.os.longsword_dragon":2,"stat.walkOneCm":39475,"stat.drop.os.sword_steel":1,"stat.drop.os.longsword_dragon":2,"stat.pickup.os.sword_rune":1,"stat.useItem.os.longsword_dragon":5,"stat.leaveGame":1,"stat.drop.os.sword_mithril":1,"stat.drop.os.sword_iron":1,"stat.pickup.os.sword_steel":1,"stat.pickup.os.sword_iron":1,"stat.pickup.minecraft.planks":1,"stat.drop.os.sword_rune":1,"stat.flyOneCm":5613,"stat.drop":10,"stat.jump":10,"stat.drop.os.sword_addy":1,"stat.playOneMinute":16805,"stat.pickup.os.sword_bronze":1,"stat.useItem.minecraft.planks":130,"stat.useItem.minecraft.item_frame":8,"stat.pickup.os.sword_mithril":1,"stat.sneakTime":11,"stat.pickup.os.sword_addy":1,"stat.damageDealt":90,"stat.drop.minecraft.planks":1,"stat.crouchOneCm":76,"stat.pickup.os.twohand_addy":1,"stat.timeSinceDeath":16805,"stat.pickup.os.axe_dragon":1,"stat.sprintOneCm":4277,"stat.useItem.minecraft.stone_slab2":72,"stat.drop.minecraft.grass":1,"stat.useItem.os.dagger_dragon":4,"stat.drop.os.sword_bronze":1}